{
    "SchemaVersion": "1.6",
    "Version": "1.0",
    "DeploymentType": "SingleMachineCluster",
    "Init": {
        "ServiceIPRangeSize": 10
    },
    "Arc": {
        "ClusterName": null,
        "Location": null,
        "ResourceGroupName": null,
        "SubscriptionId": null,
        "TenantId": null,
        "ClientId": null,
        "ClientSecret": null
    },
    "Network": {
        "NetworkPlugin": "flannel",
        "InternetDisabled": false,
        "Proxy": {
            "Http": null,
            "Https": null,
            "No": null
        }
    },
    "User": {
        "AcceptEula": true,
        "AcceptOptionalTelemetry": true
    },
    "Machines": [
        {
            "LinuxNode": {
                "CpuCount": 4,
                "MemoryInMB": 4096,
                "DataSizeInGB": 20
            }
        }
    ]
}